"False","(m) Average monthly gross wages total","False","Hungary","in %, period average","90517","Hungary","False","False","90407","(m) Imports of goods and services","in % of GDP","(a) Population total","False","(m) Central bank policy rate","","313","32794","90869","False","False","in % of GDP","Hungary","Hungary","(m) Industrial output (BCD - NACE Rev. 2)","32208","","Hungary","90913","144399","Hungary","in % of GDP","False","EU - 27 countries (from 2020)","         lid                reporter             indicator                        unit
0      15343                 Albania  (a) Population total  th persons, period average
1      76972                 Belarus  (a) Population total  th persons, period average
2      22184  Bosnia and Herzegovina  (a) Population total  th persons, period average
3      15800                Bulgaria  (a) Population total  th persons, period average
4      20000                 Croatia  (a) Population total  th persons, period average
...      ...                     ...                   ...                         ...
60750  55767         Other countries        (m) helpseries                      m-help
60751      2         Other countries        (m) helpseries                        help
60752      4         Other countries        (m) helpseries                        help
60753      5         Other countries        (m) helpseries                        help
60754      8         Other countries        (m) helpseries                        help

[60755 rows x 4 columns]","77812","(a) Population total","False","NCU m, 2015 reference prices (prev. year prices, incl. 'euro fixed' series)","(m) General gov. budget (ESA'10, EDP) - revenues","144396","(m) Government final consumption expenditure","index, monthly average, 2015 = 100","","real growth rate to corresponding period of previous year in %","(m) Exports of goods and services","Hungary","th persons, period average","False","(m) Loans households (S14)","","","False","False","False","False","(m) Unemployment, LFS","False","EUR m","Hungary","NCU m (incl. 'euro fixed' series)","Hungary","EUR m","1713","False","Hungary","(m) Consumer prices","index nominal, corresponding period of previous year = 100","False","index, corresponding period of previous year = 100","(m) General government gross debt, total","False","Hungary","87300","False","90341","% p.a., end of period","Hungary","(a) Population total","(a) Population total","32693","NCU m (incl. 'euro fixed' series)","(m) Government final consumption expenditure","101874","(a) Population total","False","(m) Imports of goods and services","False","(m) 1.A.a. Goods imports, fob, debit","761","","77811","in % of GDP","Hungary","in % of GDP","False","index real, corresponding period of previous year = 100","Hungary","False","Hungary","Hungary","Hungary","87263","False","(m) Household final consumption expenditure","                                             excel_eq     lid   reporter        variable
0                                                 NaN  144396  eu27_2020      eu_gdp_yoy
1                                                 NaN   77811         eu         eu_hicp
2                       SubScal(L_eup1p1tscx>mdb,100)   77812         eu     eu_hicp_yoy
3                                                 NaN  144399         ea           eu_ir
4                                                 NaN  101874         us             oil
5              SubScal(CPPY=100(L_hubg21n_q>mdb),100)   32794         hu     gov_exp_yoy
6              SubScal(CPPY=100(L_hubg11n_q>mdb),100)   32793         hu     gov_rev_yoy
7                                                 NaN   89166         hu         gov_bal
8            SubScal(CPPY=100(L_hug11tr15_q>mdb),100)   88640         hu         gdp_yoy
9            SubScal(CPPY=100(L_hug222r15_q>mdb),100)   90869         hu        cons_yoy
10           SubScal(CPPY=100(L_hug223r15_q>mdb),100)   90913         hu    gov_cons_yoy
11           SubScal(CPPY=100(L_hug224r15_q>mdb),100)   90935         hu         inv_yoy
12           SubScal(CPPY=100(L_hug228r15_q>mdb),100)   90979         hu     exp_gdp_yoy
13           SubScal(CPPY=100(L_hug229r15_q>mdb),100)   91001         hu     imp_gdp_yoy
14                                                NaN   32647         hu             emp
15                                                NaN   32675         hu           unemp
16                                                NaN   32693         hu      unemp_rate
17                      SubScal(L_huw11_gccx>mdb,100)     313         hu       wages_yoy
18                                                NaN     761         hu              ir
19                                                NaN    1713         hu             cpi
20                                                NaN     962         hu              er
21                     SubScal(L_hua1211tscx>mdb,100)   32208         hu         ind_yoy
22  SubScal(CPPY=100(AddNull(L_hulago2e_q>mdb,L_hu...   87263         hu     exp_nom_yoy
23  SubScal(CPPY=100(AddNull(L_hulago3e_q>mdb,L_hu...   87300         hu     imp_nom_yoy
24                                                NaN   88732         hu          ca_gdp
25         AddNull(L_hug222px_q>mdb,L_hug22zpx_q>mdb)   90341         hu      cons_share
26                                                NaN   90385         hu  gov_cons_share
27                                                NaN   90407         hu       inv_share
28                                                NaN   90495         hu   exp_gdp_share
29                                                NaN   90517         hu   imp_gdp_share
30                      SubScal(L_hufls14scx>mdb,100)   89615         hu        loans_hh
31                                                NaN  144766         hu        pub_debt","False","90385","False","Hungary","32675","Hungary","% p.a., period average","Hungary","","Hungary","index, monthly average, 2015 = 100","European Union evolutionary","Hungary","","(m) Consumer prices","88640","","NCU m, 2015 reference prices (prev. year prices, incl. 'euro fixed' series)","NCU m, 2015 reference prices (prev. year prices, incl. 'euro fixed' series)","Hungary","90935","Hungary","(m) General gov. budget (ESA'10, EDP) - balance","in % of GDP","Hungary","32793","","in % of GDP","False","Euro area evolutionary","89615","(m) Current account","False","False","False","(m) Household final consumption expenditure","Hungary","91001","(m) Gross domestic product total","Hungary","th persons, period average","False","(m) Gross capital formation","144766","(m) Unemployment rate, LFS","False","                 x
0           ca_gdp
1       cons_share
2         cons_yoy
3              cpi
4          cpi_yoy
5         dum_2022
6          dum_lfs
7              emp
8          emp_yoy
9       eu_gdp_yoy
10         eu_hicp
11     eu_hicp_yoy
12           eu_ir
13   exp_gdp_share
14     exp_gdp_yoy
15     exp_nom_yoy
16         gdp_yoy
17         gov_bal
18  gov_cons_share
19    gov_cons_yoy
20     gov_exp_yoy
21     gov_rev_yoy
22   imp_gdp_share
23     imp_gdp_yoy
24     imp_nom_yoy
25         ind_yoy
26       inv_share
27         inv_yoy
28              ir
29            lcpi
30            lemp
31        leu_hicp
32        loans_hh
33            loil
34          lunemp
35             oil
36        pub_debt
37           unemp
38      unemp_rate
39       wages_yoy","(m) Gross domestic product total","False","False","False","False","False","89166","Hungary","32647","True","(a) Population total","90979","True","Hungary","Hungary","(m) Central bank policy rate","(a) Population total","(a) Population total","NCU m, 2015 reference prices (prev. year prices, incl. 'euro fixed' series)","(m) Consumer prices","(a) Population total","","in % of GDP","NCU m, 2015 reference prices (prev. year prices, incl. 'euro fixed' series)","(m) 1.A.a. Goods exports, fob, credit","Hungary","Hungary","(m) Exports of goods and services","90495","88732","False","(m) General gov. budget (ESA'10, EDP) - expenditures","NCU m, 2015 reference prices (prev. year prices, incl. 'euro fixed' series)","index nominal, corresponding period of previous year = 100","","{'HR':                                              excel_eq     lid   reporter        variable
0                                                 NaN  144396  EU27_2020      EU_GDP_yoy
1                                                 NaN   77811         EU         EU_HICP
2                       SubScal(L_eup1p1tscx>mdb,100)   77812         EU     EU_HICP_yoy
3                                                 NaN   91417         EA           EU_IR
4                                                 NaN  101874         US             oil
5              SubScal(CPPY=100(L_hrbg21n_q>mdb),100)   74548         HR     gov_exp_yoy
6              SubScal(CPPY=100(L_hrbg11n_q>mdb),100)   74547         HR     gov_rev_yoy
7                                                 NaN   89165         HR         gov_bal
8            SubScal(CPPY=100(L_hrg11tr15_q>mdb),100)   88628         HR         GDP_yoy
9            SubScal(CPPY=100(L_hrg222r15_q>mdb),100)   90868         HR        cons_yoy
10           SubScal(CPPY=100(L_hrg223r15_q>mdb),100)   90912         HR    gov_cons_yoy
11           SubScal(CPPY=100(L_hrg224r15_q>mdb),100)   90934         HR         inv_yoy
12           SubScal(CPPY=100(L_hrg228r15_q>mdb),100)   90978         HR     exp_gdp_yoy
13           SubScal(CPPY=100(L_hrg229r15_q>mdb),100)   91000         HR     imp_gdp_yoy
14                                                NaN   32654         HR             emp
15                                                NaN   32684         HR           unemp
16                                                NaN   32701         HR      unemp_rate
17                      SubScal(L_hrw11_tccx>mdb,100)     312         HR       wages_yoy
18                                                NaN     781         HR              IR
19                                                NaN   74567         HR             CPI
20                                                NaN     960         HR              ER
21                     SubScal(L_hra1211tscx>mdb,100)   32375         HR         ind_yoy
22  SubScal(CPPY=100(AddNull(L_hrlago2e_q>mdb,L_hr...   87261         HR     exp_nom_yoy
23  SubScal(CPPY=100(AddNull(L_hrlago3e_q>mdb,L_hr...   87298         HR     imp_nom_yoy
24                                                NaN   88730         HR          CA_gdp
25         AddNull(L_hrg222px_q>mdb,L_hrg22zpx_q>mdb)   90340         HR      cons_share
26                                                NaN   90384         HR  gov_cons_share
27                                                NaN   90406         HR       inv_share
28                                                NaN   90494         HR   exp_gdp_share
29                                                NaN   90516         HR   imp_gdp_share
30                      SubScal(L_hrfls14scx>mdb,100)   89614         HR        loans_HH
31                                                NaN  144765         HR        pub_debt, 'EE':                                              excel_eq     lid   reporter        variable
0                                                 NaN  144396  EU27_2020      EU_GDP_yoy
1                                                 NaN   77811         EU         EU_HICP
2                       SubScal(L_eup1p1tscx>mdb,100)   77812         EU     EU_HICP_yoy
3                                                 NaN  144399         EA           EU_IR
4                                                 NaN  101874         US             oil
5              SubScal(CPPY=100(L_eebg21n_q>mdb),100)   32791         EE     gov_exp_yoy
6              SubScal(CPPY=100(L_eebg11n_q>mdb),100)   32790         EE     gov_rev_yoy
7                                                 NaN   89164         EE         gov_bal
8            SubScal(CPPY=100(L_eeg11tr15_q>mdb),100)   88636         EE         GDP_yoy
9            SubScal(CPPY=100(L_eeg222r15_q>mdb),100)   90867         EE        cons_yoy
10           SubScal(CPPY=100(L_eeg223r15_q>mdb),100)   90911         EE    gov_cons_yoy
11           SubScal(CPPY=100(L_eeg224r15_q>mdb),100)   90933         EE         inv_yoy
12           SubScal(CPPY=100(L_eeg228r15_q>mdb),100)   90977         EE     exp_gdp_yoy
13           SubScal(CPPY=100(L_eeg229r15_q>mdb),100)   90999         EE     imp_gdp_yoy
14                                                NaN   32646         EE             emp
15                                                NaN   32672         EE           unemp
16                                                NaN   32692         EE      unemp_rate
17                    SubScal(L_eew11_tccx_q>mdb,100)   32778         EE       wages_yoy
18                                                NaN     763         EE              IR
19                                                NaN     576         EE             CPI
20                                                NaN     969         EE              ER
21                     SubScal(L_eea1211tscx>mdb,100)   32213         EE         ind_yoy
22  SubScal(CPPY=100(AddNull(L_eelago2e_q>mdb,L_ee...   87258         EE     exp_nom_yoy
23  SubScal(CPPY=100(AddNull(L_eelago3e_q>mdb,L_ee...   87295         EE     imp_nom_yoy
24                                                NaN   88728         EE          CA_gdp
25         AddNull(L_eeg222px_q>mdb,L_eeg22zpx_q>mdb)   90339         EE      cons_share
26                                                NaN   90383         EE  gov_cons_share
27                                                NaN   90405         EE       inv_share
28                                                NaN   90493         EE   exp_gdp_share
29                                                NaN   90515         EE   imp_gdp_share
30                      SubScal(L_eefls14scx>mdb,100)   89613         EE        loans_HH
31                                                NaN  144764         EE        pub_debt, 'LT':                                              excel_eq     lid   reporter        variable
0                                                 NaN  144396  EU27_2020      EU_GDP_yoy
1                                                 NaN   77811         EU         EU_HICP
2                       SubScal(L_eup1p1tscx>mdb,100)   77812         EU     EU_HICP_yoy
3                                                 NaN  144399         EA           EU_IR
4                                                 NaN  101874         US             oil
5              SubScal(CPPY=100(L_ltbg21n_q>mdb),100)   32800         LT     gov_exp_yoy
6              SubScal(CPPY=100(L_ltbg11n_q>mdb),100)   32799         LT     gov_rev_yoy
7                                                 NaN   89167         LT         gov_bal
8            SubScal(CPPY=100(L_ltg11tr15_q>mdb),100)   88652         LT         GDP_yoy
9            SubScal(CPPY=100(L_ltg222r15_q>mdb),100)   90871         LT        cons_yoy
10           SubScal(CPPY=100(L_ltg223r15_q>mdb),100)   90915         LT    gov_cons_yoy
11           SubScal(CPPY=100(L_ltg224r15_q>mdb),100)   90937         LT         inv_yoy
12           SubScal(CPPY=100(L_ltg228r15_q>mdb),100)   90981         LT     exp_gdp_yoy
13           SubScal(CPPY=100(L_ltg229r15_q>mdb),100)   91003         LT     imp_gdp_yoy
14                                                NaN   32649         LT             emp
15                                                NaN   32679         LT           unemp
16                                                NaN   32695         LT      unemp_rate
17                    SubScal(L_ltw11_tccx_q>mdb,100)   32780         LT       wages_yoy
18                                                NaN     765         LT              IR
19                                                NaN     578         LT             CPI
20                                                NaN     971         LT              ER
21                     SubScal(L_lta1211tscx>mdb,100)   32215         LT         ind_yoy
22  SubScal(CPPY=100(AddNull(L_ltlago2e_q>mdb,L_lt...   87265         LT     exp_nom_yoy
23  SubScal(CPPY=100(AddNull(L_ltlago3e_q>mdb,L_lt...   87302         LT     imp_nom_yoy
24                                                NaN   88736         LT          CA_gdp
25         AddNull(L_ltg222px_q>mdb,L_ltg22zpx_q>mdb)   90343         LT      cons_share
26                                                NaN   90387         LT  gov_cons_share
27                                                NaN   90409         LT       inv_share
28                                                NaN   90497         LT   exp_gdp_share
29                                                NaN   90519         LT   imp_gdp_share
30                      SubScal(L_ltfls14scx>mdb,100)   89617         LT        loans_HH
31                                                NaN  144768         LT        pub_debt, 'LV':                                              excel_eq     lid   reporter        variable
0                                                 NaN  144396  EU27_2020      EU_GDP_yoy
1                                                 NaN   77811         EU         EU_HICP
2                       SubScal(L_eup1p1tscx>mdb,100)   77812         EU     EU_HICP_yoy
3                                                 NaN  144399         EA           EU_IR
4                                                 NaN  101874         US             oil
5              SubScal(CPPY=100(L_lvbg21n_q>mdb),100)   32797         LV     gov_exp_yoy
6              SubScal(CPPY=100(L_lvbg11n_q>mdb),100)   32796         LV     gov_rev_yoy
7                                                 NaN   89168         LV         gov_bal
8            SubScal(CPPY=100(L_lvg11tr15_q>mdb),100)   88648         LV         GDP_yoy
9            SubScal(CPPY=100(L_lvg222r15_q>mdb),100)   90872         LV        cons_yoy
10           SubScal(CPPY=100(L_lvg223r15_q>mdb),100)   90916         LV    gov_cons_yoy
11           SubScal(CPPY=100(L_lvg224r15_q>mdb),100)   90938         LV         inv_yoy
12           SubScal(CPPY=100(L_lvg228r15_q>mdb),100)   90982         LV     exp_gdp_yoy
13           SubScal(CPPY=100(L_lvg229r15_q>mdb),100)   91004         LV     imp_gdp_yoy
14                                                NaN   32648         LV             emp
15                                                NaN   32678         LV           unemp
16                                                NaN   32694         LV      unemp_rate
17                      SubScal(L_lvw11_tccx>mdb,100)   58144         LV       wages_yoy
18                                                NaN     764         LV              IR
19                                                NaN     577         LV             CPI
20                                                NaN     970         LV              ER
21                     SubScal(L_lva1211tscx>mdb,100)   32214         LV         ind_yoy
22  SubScal(CPPY=100(AddNull(L_lvlago2e_q>mdb,L_lv...   87267         LV     exp_nom_yoy
23  SubScal(CPPY=100(AddNull(L_lvlago3e_q>mdb,L_lv...   87304         LV     imp_nom_yoy
24                                                NaN   88738         LV          CA_gdp
25         AddNull(L_lvg222px_q>mdb,L_lvg22zpx_q>mdb)   90344         LV      cons_share
26                                                NaN   90388         LV  gov_cons_share
27                                                NaN   90410         LV       inv_share
28                                                NaN   90498         LV   exp_gdp_share
29                                                NaN   90520         LV   imp_gdp_share
30                      SubScal(L_lvfls14scx>mdb,100)   89618         LV        loans_HH
31                                                NaN  144767         LV        pub_debt, 'SK':                                              excel_eq     lid   reporter        variable
0                                                 NaN  144396  EU27_2020      EU_GDP_yoy
1                                                 NaN   77811         EU         EU_HICP
2                       SubScal(L_eup1p1tscx>mdb,100)   77812         EU     EU_HICP_yoy
3                                                 NaN  144399         EA           EU_IR
4                                                 NaN  101874         US             oil
5              SubScal(CPPY=100(L_skbg21n_q>mdb),100)   32809         SK     gov_exp_yoy
6              SubScal(CPPY=100(L_skbg11n_q>mdb),100)   32808         SK     gov_rev_yoy
7                                                 NaN   89172         SK         gov_bal
8            SubScal(CPPY=100(L_skg11tr15_q>mdb),100)   88680         SK         GDP_yoy
9            SubScal(CPPY=100(L_skg222r15_q>mdb),100)   90880         SK        cons_yoy
10           SubScal(CPPY=100(L_skg223r15_q>mdb),100)   90924         SK    gov_cons_yoy
11           SubScal(CPPY=100(L_skg224r15_q>mdb),100)   90946         SK         inv_yoy
12           SubScal(CPPY=100(L_skg228r15_q>mdb),100)   90990         SK     exp_gdp_yoy
13           SubScal(CPPY=100(L_skg229r15_q>mdb),100)   91012         SK     imp_gdp_yoy
14                                                NaN   32652         SK             emp
15                                                NaN   32682         SK           unemp
16                                                NaN   32699         SK      unemp_rate
17                    SubScal(L_skw11_tccx_q>mdb,100)   53413         SK       wages_yoy
18                                                NaN     785         SK              IR
19                                                NaN     574         SK             CPI
20                                                NaN     966         SK              ER
21                     SubScal(L_ska1211tscx>mdb,100)   32211         SK         ind_yoy
22  SubScal(CPPY=100(AddNull(L_sklago2e_q>mdb,L_sk...   87281         SK     exp_nom_yoy
23  SubScal(CPPY=100(AddNull(L_sklago3e_q>mdb,L_sk...   87318         SK     imp_nom_yoy
24                                                NaN   88753         SK          CA_gdp
25         AddNull(L_skg222px_q>mdb,L_skg22zpx_q>mdb)   90352         SK      cons_share
26                                                NaN   90396         SK  gov_cons_share
27                                                NaN   90418         SK       inv_share
28                                                NaN   90506         SK   exp_gdp_share
29                                                NaN   90528         SK   imp_gdp_share
30                      SubScal(L_skfls14scx>mdb,100)   89626         SK        loans_HH
31                                                NaN  144771         SK        pub_debt, 'SI':                                              excel_eq     lid   reporter        variable
0                                                 NaN  144396  EU27_2020      EU_GDP_yoy
1                                                 NaN   77811         EU         EU_HICP
2                       SubScal(L_eup1p1tscx>mdb,100)   77812         EU     EU_HICP_yoy
3                                                 NaN  144399         EA           EU_IR
4                                                 NaN  101874         US             oil
5              SubScal(CPPY=100(L_sibg21n_q>mdb),100)   32812         SI     gov_exp_yoy
6              SubScal(CPPY=100(L_sibg11n_q>mdb),100)   32811         SI     gov_rev_yoy
7                                                 NaN   89171         SI         gov_bal
8            SubScal(CPPY=100(L_sig11tr15_q>mdb),100)   88684         SI         GDP_yoy
9            SubScal(CPPY=100(L_sig222r15_q>mdb),100)   90879         SI        cons_yoy
10           SubScal(CPPY=100(L_sig223r15_q>mdb),100)   90923         SI    gov_cons_yoy
11           SubScal(CPPY=100(L_sig224r15_q>mdb),100)   90945         SI         inv_yoy
12           SubScal(CPPY=100(L_sig228r15_q>mdb),100)   90989         SI     exp_gdp_yoy
13           SubScal(CPPY=100(L_sig229r15_q>mdb),100)   91011         SI     imp_gdp_yoy
14                                                NaN   32653         SI             emp
15                                                NaN   32683         SI           unemp
16                                                NaN   32700         SI      unemp_rate
17                      SubScal(L_siw11_tccx>mdb,100)     317         SI       wages_yoy
18                                                NaN     786         SI              IR
19                                                NaN     575         SI             CPI
20                                                NaN     967         SI              ER
21                     SubScal(L_sia1211tscx>mdb,100)   32212         SI         ind_yoy
22  SubScal(CPPY=100(AddNull(L_silago2e_q>mdb,L_si...   87279         SI     exp_nom_yoy
23  SubScal(CPPY=100(AddNull(L_silago3e_q>mdb,L_si...   87316         SI     imp_nom_yoy
24                                                NaN   88751         SI          CA_gdp
25         AddNull(L_sig222px_q>mdb,L_sig22zpx_q>mdb)   90351         SI      cons_share
26                                                NaN   90395         SI  gov_cons_share
27                                                NaN   90417         SI       inv_share
28                                                NaN   90505         SI   exp_gdp_share
29                                                NaN   90527         SI   imp_gdp_share
30                      SubScal(L_sifls14scx>mdb,100)   89625         SI        loans_HH
31                                                NaN  144772         SI        pub_debt, 'BG':                                              excel_eq     lid   reporter        variable
0                                                 NaN  144396  EU27_2020      EU_GDP_yoy
1                                                 NaN   77811         EU         EU_HICP
2                       SubScal(L_eup1p1tscx>mdb,100)   77812         EU     EU_HICP_yoy
3                                                 NaN   91417         EA           EU_IR
4                                                 NaN  101874         US             oil
5              SubScal(CPPY=100(L_bgbg21n_q>mdb),100)   32785         BG     gov_exp_yoy
6              SubScal(CPPY=100(L_bgbg11n_q>mdb),100)   32784         BG     gov_rev_yoy
7                                                 NaN   89162         BG         gov_bal
8            SubScal(CPPY=100(L_bgg11tr15_q>mdb),100)   88624         BG         GDP_yoy
9            SubScal(CPPY=100(L_bgg222r15_q>mdb),100)   90864         BG        cons_yoy
10           SubScal(CPPY=100(L_bgg223r15_q>mdb),100)   90908         BG    gov_cons_yoy
11           SubScal(CPPY=100(L_bgg224r15_q>mdb),100)   90930         BG         inv_yoy
12           SubScal(CPPY=100(L_bgg228r15_q>mdb),100)   90974         BG     exp_gdp_yoy
13           SubScal(CPPY=100(L_bgg229r15_q>mdb),100)   90996         BG     imp_gdp_yoy
14                                                NaN   32643         BG             emp
15                                                NaN   32665         BG           unemp
16                                                NaN   32689         BG      unemp_rate
17                      SubScal(L_bgw11_tccx>mdb,100)     311         BG       wages_yoy
18                                                NaN     760         BG              IR
19                                                NaN     570         BG             CPI
20                                                NaN     959         BG              ER
21                     SubScal(L_bga1211tscx>mdb,100)   32206         BG         ind_yoy
22  SubScal(CPPY=100(AddNull(L_bglago2e_q>mdb,L_bg...   87254         BG     exp_nom_yoy
23  SubScal(CPPY=100(AddNull(L_bglago3e_q>mdb,L_bg...   87291         BG     imp_nom_yoy
24                                                NaN   88724         BG          CA_gdp
25         AddNull(L_bgg222px_q>mdb,L_bgg22zpx_q>mdb)   90336         BG      cons_share
26                                                NaN   90380         BG  gov_cons_share
27                                                NaN   90402         BG       inv_share
28                                                NaN   90490         BG   exp_gdp_share
29                                                NaN   90512         BG   imp_gdp_share
30                      SubScal(L_bgfls14scx>mdb,100)   89610         BG        loans_HH
31                                                NaN  144762         BG        pub_debt, 'HU':                                              excel_eq     lid   reporter        variable
0                                                 NaN  144396  EU27_2020      EU_GDP_yoy
1                                                 NaN   77811         EU         EU_HICP
2                       SubScal(L_eup1p1tscx>mdb,100)   77812         EU     EU_HICP_yoy
3                                                 NaN  144399         EA           EU_IR
4                                                 NaN  101874         US             oil
5              SubScal(CPPY=100(L_hubg21n_q>mdb),100)   32794         HU     gov_exp_yoy
6              SubScal(CPPY=100(L_hubg11n_q>mdb),100)   32793         HU     gov_rev_yoy
7                                                 NaN   89166         HU         gov_bal
8            SubScal(CPPY=100(L_hug11tr15_q>mdb),100)   88640         HU         GDP_yoy
9            SubScal(CPPY=100(L_hug222r15_q>mdb),100)   90869         HU        cons_yoy
10           SubScal(CPPY=100(L_hug223r15_q>mdb),100)   90913         HU    gov_cons_yoy
11           SubScal(CPPY=100(L_hug224r15_q>mdb),100)   90935         HU         inv_yoy
12           SubScal(CPPY=100(L_hug228r15_q>mdb),100)   90979         HU     exp_gdp_yoy
13           SubScal(CPPY=100(L_hug229r15_q>mdb),100)   91001         HU     imp_gdp_yoy
14                                                NaN   32647         HU             emp
15                                                NaN   32675         HU           unemp
16                                                NaN   32693         HU      unemp_rate
17                      SubScal(L_huw11_gccx>mdb,100)     313         HU       wages_yoy
18                                                NaN     761         HU              IR
19                                                NaN    1713         HU             CPI
20                                                NaN     962         HU              ER
21                     SubScal(L_hua1211tscx>mdb,100)   32208         HU         ind_yoy
22  SubScal(CPPY=100(AddNull(L_hulago2e_q>mdb,L_hu...   87263         HU     exp_nom_yoy
23  SubScal(CPPY=100(AddNull(L_hulago3e_q>mdb,L_hu...   87300         HU     imp_nom_yoy
24                                                NaN   88732         HU          CA_gdp
25         AddNull(L_hug222px_q>mdb,L_hug22zpx_q>mdb)   90341         HU      cons_share
26                                                NaN   90385         HU  gov_cons_share
27                                                NaN   90407         HU       inv_share
28                                                NaN   90495         HU   exp_gdp_share
29                                                NaN   90517         HU   imp_gdp_share
30                      SubScal(L_hufls14scx>mdb,100)   89615         HU        loans_HH
31                                                NaN  144766         HU        pub_debt, 'PL':                                              excel_eq     lid   reporter        variable
0                                                 NaN  144396  EU27_2020      EU_GDP_yoy
1                                                 NaN   77811         EU         EU_HICP
2                       SubScal(L_eup1p1tscx>mdb,100)   77812         EU     EU_HICP_yoy
3                                                 NaN  144399         EA           EU_IR
4                                                 NaN  101874         US             oil
5              SubScal(CPPY=100(L_plbg21n_q>mdb),100)   32803         PL     gov_exp_yoy
6              SubScal(CPPY=100(L_plbg11n_q>mdb),100)   32802         PL     gov_rev_yoy
7                                                 NaN   89169         PL         gov_bal
8            SubScal(CPPY=100(L_plg11tr15_q>mdb),100)   88664         PL         GDP_yoy
9            SubScal(CPPY=100(L_plg222r15_q>mdb),100)   90875         PL        cons_yoy
10           SubScal(CPPY=100(L_plg223r15_q>mdb),100)   90919         PL    gov_cons_yoy
11           SubScal(CPPY=100(L_plg224r15_q>mdb),100)   90941         PL         inv_yoy
12           SubScal(CPPY=100(L_plg228r15_q>mdb),100)   90985         PL     exp_gdp_yoy
13           SubScal(CPPY=100(L_plg229r15_q>mdb),100)   91007         PL     imp_gdp_yoy
14                                                NaN   32650         PL             emp
15                                                NaN   32680         PL           unemp
16                                                NaN   32697         PL      unemp_rate
17                      SubScal(L_plw11_gccx>mdb,100)     314         PL       wages_yoy
18                                                NaN     783         PL              IR
19                                                NaN   32761         PL             CPI
20                                                NaN     963         PL              ER
21                     SubScal(L_pla1211tscx>mdb,100)   32209         PL         ind_yoy
22  SubScal(CPPY=100(AddNull(L_pllago2e_q>mdb,L_pl...   87273         PL     exp_nom_yoy
23  SubScal(CPPY=100(AddNull(L_pllago3e_q>mdb,L_pl...   87310         PL     imp_nom_yoy
24                                                NaN   88743         PL          CA_gdp
25         AddNull(L_plg222px_q>mdb,L_plg22zpx_q>mdb)   90347         PL      cons_share
26                                                NaN   90391         PL  gov_cons_share
27                                                NaN   90413         PL       inv_share
28                                                NaN   90501         PL   exp_gdp_share
29                                                NaN   90523         PL   imp_gdp_share
30                      SubScal(L_plfls14scx>mdb,100)   89621         PL        loans_HH
31                                                NaN  144769         PL        pub_debt, 'RO':                                              excel_eq     lid   reporter        variable
0                                                 NaN  144396  EU27_2020      EU_GDP_yoy
1                                                 NaN   77811         EU         EU_HICP
2                       SubScal(L_eup1p1tscx>mdb,100)   77812         EU     EU_HICP_yoy
3                                                 NaN  144399         EA           EU_IR
4                                                 NaN  101874         US             oil
5              SubScal(CPPY=100(L_robg21n_q>mdb),100)   32806         RO     gov_exp_yoy
6              SubScal(CPPY=100(L_robg11n_q>mdb),100)   32805         RO     gov_rev_yoy
7                                                 NaN   89170         RO         gov_bal
8            SubScal(CPPY=100(L_rog11tr15_q>mdb),100)   88668         RO         GDP_yoy
9            SubScal(CPPY=100(L_rog222r15_q>mdb),100)   90876         RO        cons_yoy
10           SubScal(CPPY=100(L_rog223r15_q>mdb),100)   90920         RO    gov_cons_yoy
11           SubScal(CPPY=100(L_rog224r15_q>mdb),100)   90942         RO         inv_yoy
12           SubScal(CPPY=100(L_rog228r15_q>mdb),100)   90986         RO     exp_gdp_yoy
13           SubScal(CPPY=100(L_rog229r15_q>mdb),100)   91008         RO     imp_gdp_yoy
14                                                NaN   32651         RO             emp
15                                                NaN   32681         RO           unemp
16                                                NaN   32698         RO      unemp_rate
17                      SubScal(L_row11_tccx>mdb,100)     315         RO       wages_yoy
18                                                NaN     784         RO              IR
19                                                NaN     572         RO             CPI
20                                                NaN     964         RO              ER
21                     SubScal(L_roa1211tscx>mdb,100)   32210         RO         ind_yoy
22  SubScal(CPPY=100(AddNull(L_rolago2e_q>mdb,L_ro...   87275         RO     exp_nom_yoy
23  SubScal(CPPY=100(AddNull(L_rolago3e_q>mdb,L_ro...   87312         RO     imp_nom_yoy
24                                                NaN   88745         RO          CA_gdp
25         AddNull(L_rog222px_q>mdb,L_rog22zpx_q>mdb)   90348         RO      cons_share
26                                                NaN   90392         RO  gov_cons_share
27                                                NaN   90414         RO       inv_share
28                                                NaN   90502         RO   exp_gdp_share
29                                                NaN   90524         RO   imp_gdp_share
30                      SubScal(L_rofls14scx>mdb,100)   89622         RO        loans_HH
31                                                NaN  144770         RO        pub_debt, 'CZ':                                              excel_eq     lid   reporter        variable
0                                                 NaN  144396  EU27_2020      EU_GDP_yoy
1                                                 NaN   77811         EU         EU_HICP
2                       SubScal(L_eup1p1tscx>mdb,100)   77812         EU     EU_HICP_yoy
3                                                 NaN  144399         EA           EU_IR
4                                                 NaN  101874         US             oil
5              SubScal(CPPY=100(L_czbg21n_q>mdb),100)   32788         CZ     gov_exp_yoy
6              SubScal(CPPY=100(L_czbg11n_q>mdb),100)   32787         CZ     gov_rev_yoy
7                                                 NaN   89163         CZ         gov_bal
8            SubScal(CPPY=100(L_czg11tr15_q>mdb),100)   88632         CZ         GDP_yoy
9            SubScal(CPPY=100(L_czg222r15_q>mdb),100)   90866         CZ        cons_yoy
10           SubScal(CPPY=100(L_czg223r15_q>mdb),100)   90910         CZ    gov_cons_yoy
11           SubScal(CPPY=100(L_czg224r15_q>mdb),100)   90932         CZ         inv_yoy
12           SubScal(CPPY=100(L_czg228r15_q>mdb),100)   90976         CZ     exp_gdp_yoy
13           SubScal(CPPY=100(L_czg229r15_q>mdb),100)   90998         CZ     imp_gdp_yoy
14                                                NaN   32644         CZ             emp
15                                                NaN   32667         CZ           unemp
16                                                NaN   32690         CZ      unemp_rate
17                    SubScal(L_czw11_tccx_q>mdb,100)   51745         CZ       wages_yoy
18                                                NaN     782         CZ              IR
19                                                NaN     571         CZ             CPI
20                                                NaN     961         CZ              ER
21                     SubScal(L_cza1211tscx>mdb,100)   32207         CZ         ind_yoy
22  SubScal(CPPY=100(AddNull(L_czlago2e_q>mdb,L_cz...   87256         CZ     exp_nom_yoy
23  SubScal(CPPY=100(AddNull(L_czlago3e_q>mdb,L_cz...   87293         CZ     imp_nom_yoy
24                                                NaN   88726         CZ          CA_gdp
25         AddNull(L_czg222px_q>mdb,L_czg22zpx_q>mdb)   90338         CZ      cons_share
26                                                NaN   90382         CZ  gov_cons_share
27                                                NaN   90404         CZ       inv_share
28                                                NaN   90492         CZ   exp_gdp_share
29                                                NaN   90514         CZ   imp_gdp_share
30                      SubScal(L_czfls14scx>mdb,100)   89612         CZ        loans_HH
31                                                NaN  144763         CZ        pub_debt, 'AL':                                              excel_eq     lid   reporter        variable
0                                                 NaN  144396  EU27_2020      EU_GDP_yoy
1                                                 NaN   77811         EU         EU_HICP
2                       SubScal(L_eup1p1tscx>mdb,100)   77812         EU     EU_HICP_yoy
3                                                 NaN  144399         EA           EU_IR
4                                                 NaN  101874         US             oil
5               SubScal(CPPY=100(L_albg21nx>mdb),100)   53449         AL     gov_exp_yoy
6               SubScal(CPPY=100(L_albg11nx>mdb),100)   53447         AL     gov_rev_yoy
7                                                 NaN   89220         AL         gov_bal
8            SubScal(CPPY=100(L_alg11tr15_q>mdb),100)   88616         AL         GDP_yoy
9            SubScal(CPPY=100(L_alg222r15_q>mdb),100)   90862         AL        cons_yoy
10           SubScal(CPPY=100(L_alg223r15_q>mdb),100)   90906         AL    gov_cons_yoy
11           SubScal(CPPY=100(L_alg225r15_q>mdb),100)   90950         AL         inv_yoy
12           SubScal(CPPY=100(L_alg228r15_q>mdb),100)   90972         AL     exp_gdp_yoy
13           SubScal(CPPY=100(L_alg229r15_q>mdb),100)   90994         AL     imp_gdp_yoy
14                                                NaN   88599         AL             emp
15                                                NaN   88607         AL           unemp
16                                                NaN   74124         AL      unemp_rate
17                    SubScal(L_alw11_tccx_q>mdb,100)   59007         AL       wages_yoy
18                                                NaN     766         AL              IR
19                                                NaN   53476         AL             CPI
20                                                NaN     972         AL              ER
21                   SubScal(L_ala1211tscx_q>mdb,100)   79763         AL         ind_yoy
22  SubScal(CPPY=100(AddNull(L_allago2e_q>mdb,L_al...   87248         AL     exp_nom_yoy
23  SubScal(CPPY=100(AddNull(L_allago3e_q>mdb,L_al...   87285         AL     imp_nom_yoy
24                                                NaN   88720         AL          CA_gdp
25                                                NaN   90334         AL      cons_share
26                                                NaN   90378         AL  gov_cons_share
27                                                NaN   90422         AL       inv_share
28                                                NaN   90488         AL   exp_gdp_share
29                                                NaN   90510         AL   imp_gdp_share
30                      SubScal(L_alfls14scx>mdb,100)   89608         AL        loans_HH
31                                                NaN  140879         AL        pub_debt, 'BA':                                              excel_eq       lid   reporter        variable
0                                                 NaN  144396.0  EU27_2020      EU_GDP_yoy
1                                                 NaN   77811.0         EU         EU_HICP
2                       SubScal(L_eup1p1tscx>mdb,100)   77812.0         EU     EU_HICP_yoy
3                                                 NaN  144399.0         EA           EU_IR
4                                                 NaN  101874.0         US             oil
5              SubScal(CPPY=100(L_babg21n_q>mdb),100)   81846.0         BA     gov_exp_yoy
6              SubScal(CPPY=100(L_babg11n_q>mdb),100)   81839.0         BA     gov_rev_yoy
7                                                 NaN   89221.0         BA         gov_bal
8            SubScal(CPPY=100(L_bag11tr15_q>mdb),100)   88620.0         BA         GDP_yoy
9            SubScal(CPPY=100(L_bag222r15_q>mdb),100)   90863.0         BA        cons_yoy
10           SubScal(CPPY=100(L_bag223r15_q>mdb),100)   90907.0         BA    gov_cons_yoy
11           SubScal(CPPY=100(L_bag224r15_q>mdb),100)   90929.0         BA         inv_yoy
12           SubScal(CPPY=100(L_bag228r15_q>mdb),100)   90973.0         BA     exp_gdp_yoy
13           SubScal(CPPY=100(L_bag229r15_q>mdb),100)   90995.0         BA     imp_gdp_yoy
14                                                NaN  143839.0         BA             emp
15                                                NaN  143843.0         BA           unemp
16                                                NaN  143844.0         BA      unemp_rate
17                      SubScal(L_baw11_tccx>mdb,100)     319.0         BA       wages_yoy
18                                                NaN  117771.0         BA              IR
19                                                NaN   91639.0         BA             CPI
20                                                NaN     973.0         BA              ER
21                     SubScal(L_baa1211tscx>mdb,100)   71107.0         BA         ind_yoy
22  SubScal(CPPY=100(AddNull(L_balago2ex_q>mdb,L_b...   87252.0         BA     exp_nom_yoy
23  SubScal(CPPY=100(AddNull(L_balago3ex_q>mdb,L_b...   87289.0         BA     imp_nom_yoy
24                                                NaN   88722.0         BA          CA_gdp
25                                                NaN   90335.0         BA      cons_share
26                                                NaN   90379.0         BA  gov_cons_share
27                                                NaN   90401.0         BA       inv_share
28                                                NaN   90489.0         BA   exp_gdp_share
29                                                NaN   90511.0         BA   imp_gdp_share
30                      SubScal(L_bafls14scx>mdb,100)   89609.0         BA        loans_HH
31                                                NaN       NaN        NaN             X33, 'ME':                                              excel_eq       lid   reporter        variable
0                                                 NaN  144396.0  EU27_2020      EU_GDP_yoy
1                                                 NaN   77811.0         EU         EU_HICP
2                       SubScal(L_eup1p1tscx>mdb,100)   77812.0         EU     EU_HICP_yoy
3                                                 NaN  144399.0         EA           EU_IR
4                                                 NaN  101874.0         US             oil
5               SubScal(CPPY=100(L_mebg21nx>mdb),100)   53383.0         ME     gov_exp_yoy
6               SubScal(CPPY=100(L_mebg11nx>mdb),100)   53382.0         ME     gov_rev_yoy
7                                                 NaN   89223.0         ME         gov_bal
8            SubScal(CPPY=100(L_meg11tr15_q>mdb),100)   88660.0         ME         GDP_yoy
9            SubScal(CPPY=100(L_meg222r15_q>mdb),100)   90873.0         ME        cons_yoy
10           SubScal(CPPY=100(L_meg223r15_q>mdb),100)   90917.0         ME    gov_cons_yoy
11           SubScal(CPPY=100(L_meg224r15_q>mdb),100)   90939.0         ME         inv_yoy
12           SubScal(CPPY=100(L_meg228r15_q>mdb),100)   90983.0         ME     exp_gdp_yoy
13           SubScal(CPPY=100(L_meg229r15_q>mdb),100)   91005.0         ME     imp_gdp_yoy
14                                                NaN   53372.0         ME             emp
15                                                NaN   53376.0         ME           unemp
16                                                NaN   53378.0         ME      unemp_rate
17                      SubScal(L_mew11_tccx>mdb,100)     321.0         ME       wages_yoy
18                                                NaN   55352.0         ME              IR
19                                                NaN  101896.0         ME             CPI
20                                                NaN    1945.0         ME              ER
21                     SubScal(L_mea1211tscx>mdb,100)   70535.0         ME         ind_yoy
22  SubScal(CPPY=100(AddNull(L_melago2e_q>mdb,L_me...   87269.0         ME     exp_nom_yoy
23  SubScal(CPPY=100(AddNull(L_melago3e_q>mdb,L_me...   87306.0         ME     imp_nom_yoy
24                                                NaN   88740.0         ME          CA_gdp
25                                                NaN   90345.0         ME      cons_share
26                                                NaN   90389.0         ME  gov_cons_share
27                                                NaN   90411.0         ME       inv_share
28                                                NaN   90499.0         ME   exp_gdp_share
29                                                NaN   90521.0         ME   imp_gdp_share
30                      SubScal(L_mefls14scx>mdb,100)   89619.0         ME        loans_HH
31                                                NaN       NaN        NaN             X33, 'MK':                                              excel_eq     lid   reporter        variable
0                                                 NaN  144396  EU27_2020      EU_GDP_yoy
1                                                 NaN   77811         EU         EU_HICP
2                       SubScal(L_eup1p1tscx>mdb,100)   77812         EU     EU_HICP_yoy
3                                                 NaN  144399         EA           EU_IR
4                                                 NaN  101874         US             oil
5                SubScal(CPPY=100(L_mkbg21n>mdb),100)     838         MK     gov_exp_yoy
6                SubScal(CPPY=100(L_mkbg11n>mdb),100)     822         MK     gov_rev_yoy
7                                                 NaN   89224         MK         gov_bal
8            SubScal(CPPY=100(L_mkg11tr15_q>mdb),100)   88656         MK         GDP_yoy
9            SubScal(CPPY=100(L_mkg222r15_q>mdb),100)   90874         MK        cons_yoy
10           SubScal(CPPY=100(L_mkg223r15_q>mdb),100)   90918         MK    gov_cons_yoy
11           SubScal(CPPY=100(L_mkg224r15_q>mdb),100)   90940         MK         inv_yoy
12           SubScal(CPPY=100(L_mkg228r15_q>mdb),100)   90984         MK     exp_gdp_yoy
13           SubScal(CPPY=100(L_mkg229r15_q>mdb),100)   91006         MK     imp_gdp_yoy
14                                                NaN   32655         MK             emp
15                                                NaN   32685         MK           unemp
16                                                NaN   32702         MK      unemp_rate
17                      SubScal(L_mkw11_tccx>mdb,100)     320         MK       wages_yoy
18                                                NaN     788         MK              IR
19                                                NaN   91641         MK             CPI
20                                                NaN     974         MK              ER
21                     SubScal(L_mka1211tscx>mdb,100)   56632         MK         ind_yoy
22  SubScal(CPPY=100(AddNull(L_mklago2e_q>mdb,L_mk...   87271         MK     exp_nom_yoy
23  SubScal(CPPY=100(AddNull(L_mklago3e_q>mdb,L_mk...   87308         MK     imp_nom_yoy
24                                                NaN   88741         MK          CA_gdp
25                                                NaN   90346         MK      cons_share
26                                                NaN   90390         MK  gov_cons_share
27                                                NaN   90412         MK       inv_share
28                                                NaN   90500         MK   exp_gdp_share
29                                                NaN   90522         MK   imp_gdp_share
30                      SubScal(L_mkfls14scx>mdb,100)   89620         MK        loans_HH
31                                                NaN  140881         MK        pub_debt, 'RS':                                              excel_eq     lid   reporter        variable
0                                                 NaN  144396  EU27_2020      EU_GDP_yoy
1                                                 NaN   77811         EU         EU_HICP
2                       SubScal(L_eup1p1tscx>mdb,100)   77812         EU     EU_HICP_yoy
3                                                 NaN  144399         EA           EU_IR
4                                                 NaN  101874         US             oil
5                SubScal(CPPY=100(L_rsbg21n>mdb),100)   53399         RS     gov_exp_yoy
6                SubScal(CPPY=100(L_rsbg11n>mdb),100)   53396         RS     gov_rev_yoy
7                                                 NaN   89225         RS         gov_bal
8            SubScal(CPPY=100(L_rsg11tr15_q>mdb),100)   88676         RS         GDP_yoy
9            SubScal(CPPY=100(L_rsg222r15_q>mdb),100)   90877         RS        cons_yoy
10           SubScal(CPPY=100(L_rsg223r15_q>mdb),100)   90921         RS    gov_cons_yoy
11           SubScal(CPPY=100(L_rsg224r15_q>mdb),100)   90943         RS         inv_yoy
12           SubScal(CPPY=100(L_rsg228r15_q>mdb),100)   90987         RS     exp_gdp_yoy
13           SubScal(CPPY=100(L_rsg229r15_q>mdb),100)   91009         RS     imp_gdp_yoy
14                                                NaN   53357         RS             emp
15                                                NaN   53361         RS           unemp
16                                                NaN   53362         RS      unemp_rate
17                      SubScal(L_rsw11_tccx>mdb,100)     322         RS       wages_yoy
18                                                NaN   55348         RS              IR
19                                                NaN   57423         RS             CPI
20                                                NaN   32948         RS              ER
21                     SubScal(L_rsa1211tscx>mdb,100)   56742         RS         ind_yoy
22  SubScal(CPPY=100(AddNull(L_rslago2e>mdb,L_rsla...   87277         RS     exp_nom_yoy
23  SubScal(CPPY=100(AddNull(L_rslago3e>mdb,L_rsla...   87314         RS     imp_nom_yoy
24                                                NaN   88747         RS          CA_gdp
25         AddNull(L_rsg222px_q>mdb,L_rsg22zpx_q>mdb)   90349         RS      cons_share
26                                                NaN   90393         RS  gov_cons_share
27                                                NaN   90415         RS       inv_share
28                                                NaN   90503         RS   exp_gdp_share
29                                                NaN   90525         RS   imp_gdp_share
30                      SubScal(L_rsfls14scx>mdb,100)   89623         RS        loans_HH
31                                                NaN  144785         RS        pub_debt, 'XK':                                              excel_eq       lid   reporter        variable
0                                                 NaN  144396.0  EU27_2020      EU_GDP_yoy
1                                                 NaN   77811.0         EU         EU_HICP
2                       SubScal(L_eup1p1tscx>mdb,100)   77812.0         EU     EU_HICP_yoy
3                                                 NaN  144399.0         EA           EU_IR
4                                                 NaN  101874.0         US             oil
5                SubScal(CPPY=100(L_xkbg21n>mdb),100)  122264.0         XK     gov_exp_yoy
6                SubScal(CPPY=100(L_xkbg11n>mdb),100)  122262.0         XK     gov_rev_yoy
7                                                 NaN  122272.0         XK         gov_bal
8            SubScal(CPPY=100(L_xkg11tr15_q>mdb),100)   89046.0         XK         GDP_yoy
9            SubScal(CPPY=100(L_xkg222r15_q>mdb),100)   90883.0         XK        cons_yoy
10           SubScal(CPPY=100(L_xkg223r15_q>mdb),100)   90927.0         XK    gov_cons_yoy
11           SubScal(CPPY=100(L_xkg224r15_q>mdb),100)   90949.0         XK         inv_yoy
12           SubScal(CPPY=100(L_xkg228r15_q>mdb),100)   90993.0         XK     exp_gdp_yoy
13           SubScal(CPPY=100(L_xkg229r15_q>mdb),100)   91015.0         XK     imp_gdp_yoy
14                                                NaN  122250.0         XK             emp
15                                                NaN  122254.0         XK           unemp
16                                                NaN  122255.0         XK      unemp_rate
17                      SubScal(L_xkw21_tccx>mdb,100)  143588.0         XK       wages_yoy
18                                                NaN  122322.0         XK              IR
19                                                NaN  101902.0         XK             CPI
20                                                NaN   92959.0         XK              ER
21                     SubScal(L_xka1211tscx>mdb,100)  144812.0         XK         ind_yoy
22  SubScal(CPPY=100(AddNull(L_xklago2e_q>mdb,L_xk...   92972.0         XK     exp_nom_yoy
23  SubScal(CPPY=100(AddNull(L_xklago3e_q>mdb,L_xk...   92973.0         XK     imp_nom_yoy
24                                                NaN   92958.0         XK          CA_gdp
25                                                NaN   90355.0         XK      cons_share
26                                                NaN   90399.0         XK  gov_cons_share
27                                                NaN   90421.0         XK       inv_share
28                                                NaN   90509.0         XK   exp_gdp_share
29                                                NaN   90531.0         XK   imp_gdp_share
30                      SubScal(L_xkfls14scx>mdb,100)   89629.0         XK        loans_HH
31                                                NaN       NaN        NaN             X33, 'TR':                                              excel_eq     lid   reporter        variable
0                                                 NaN  144396  EU27_2020      EU_GDP_yoy
1                                                 NaN   77811         EU         EU_HICP
2                       SubScal(L_eup1p1tscx>mdb,100)   77812         EU     EU_HICP_yoy
3                                                 NaN  144399         EA           EU_IR
4                                                 NaN  101874         US             oil
5              SubScal(CPPY=100(L_trbg21n_q>mdb),100)   89090         TR     gov_exp_yoy
6              SubScal(CPPY=100(L_trbg11n_q>mdb),100)   89088         TR     gov_rev_yoy
7                                                 NaN   89227         TR         gov_bal
8            SubScal(CPPY=100(L_trg11tr15_q>mdb),100)   88688         TR         GDP_yoy
9            SubScal(CPPY=100(L_trg222r15_q>mdb),100)   90881         TR        cons_yoy
10           SubScal(CPPY=100(L_trg223r15_q>mdb),100)   90925         TR    gov_cons_yoy
11           SubScal(CPPY=100(L_trg224r15_q>mdb),100)   90947         TR         inv_yoy
12           SubScal(CPPY=100(L_trg228r15_q>mdb),100)   90991         TR     exp_gdp_yoy
13           SubScal(CPPY=100(L_trg229r15_q>mdb),100)   91013         TR     imp_gdp_yoy
14                                                NaN   32656         TR             emp
15                                                NaN   32686         TR           unemp
16                                                NaN   32703         TR      unemp_rate
17                   SubScal(L_trw1211tccx_q>mdb,100)   85711         TR       wages_yoy
18                                                NaN   32455         TR              IR
19                                                NaN   32771         TR             CPI
20                                                NaN   51741         TR              ER
21                     SubScal(L_tra1211tscx>mdb,100)   32886         TR         ind_yoy
22  SubScal(CPPY=100(AddNull(L_trlago2e_q>mdb,L_tr...   87283         TR     exp_nom_yoy
23  SubScal(CPPY=100(AddNull(L_trlago3e_q>mdb,L_tr...   87320         TR     imp_nom_yoy
24                                                NaN   88755         TR          CA_gdp
25         AddNull(L_trg222px_q>mdb,L_trg22zpx_q>mdb)   90353         TR      cons_share
26                                                NaN   90397         TR  gov_cons_share
27                                                NaN   90419         TR       inv_share
28                                                NaN   90507         TR   exp_gdp_share
29                                                NaN   90529         TR   imp_gdp_share
30                      SubScal(L_trfls14scx>mdb,100)   89627         TR        loans_HH
31                                                NaN  144787         TR        pub_debt, 'BY':                                              excel_eq       lid   reporter        variable
0                                                 NaN  144396.0  EU27_2020      EU_GDP_yoy
1                                                 NaN   77811.0         EU         EU_HICP
2                       SubScal(L_eup1p1tscx>mdb,100)   77812.0         EU     EU_HICP_yoy
3                                                 NaN  144399.0         EA           EU_IR
4                                                 NaN  101874.0         US             oil
5              SubScal(CPPY=100(L_bybg21n_q>mdb),100)  122124.0         BY     gov_exp_yoy
6              SubScal(CPPY=100(L_bybg11n_q>mdb),100)  122120.0         BY     gov_rev_yoy
7                                                 NaN  122131.0         BY         gov_bal
8            SubScal(CPPY=100(L_byg11tr15_q>mdb),100)   89041.0         BY         GDP_yoy
9            SubScal(CPPY=100(L_byg222r15_q>mdb),100)   90865.0         BY        cons_yoy
10           SubScal(CPPY=100(L_byg223r15_q>mdb),100)   90909.0         BY    gov_cons_yoy
11           SubScal(CPPY=100(L_byg224r15_q>mdb),100)   90931.0         BY         inv_yoy
12           SubScal(CPPY=100(L_byg228r15_q>mdb),100)   90975.0         BY     exp_gdp_yoy
13           SubScal(CPPY=100(L_byg229r15_q>mdb),100)   90997.0         BY     imp_gdp_yoy
14                                                NaN  122704.0         BY             emp
15                                                NaN  122708.0         BY           unemp
16                                                NaN  122709.0         BY      unemp_rate
17                      SubScal(L_byw11_tccx>mdb,100)  122199.0         BY       wages_yoy
18                                                NaN  122150.0         BY              IR
19                                                NaN  122221.0         BY             CPI
20                                                NaN  122230.0         BY              ER
21                      SubScal(L_bya1211tsc>mdb,100)  122191.0         BY         ind_yoy
22  SubScal(CPPY=100(AddNull(L_bylago2ex_q>mdb,L_b...  122162.0         BY     exp_nom_yoy
23  SubScal(CPPY=100(AddNull(L_bylago3ex_q>mdb,L_b...  122166.0         BY     imp_nom_yoy
24                                                NaN  122158.0         BY          CA_gdp
25         AddNull(L_byg222px_q>mdb,L_byg22zpx_q>mdb)   90337.0         BY      cons_share
26                                                NaN   90381.0         BY  gov_cons_share
27                                                NaN   90403.0         BY       inv_share
28                                                NaN   90491.0         BY   exp_gdp_share
29                                                NaN   90513.0         BY   imp_gdp_share
30                      SubScal(L_byfls14scx>mdb,100)   89611.0         BY        loans_HH
31                                                NaN       NaN        NaN             X33, 'RU':                                              excel_eq     lid   reporter        variable
0                                                 NaN  144396  EU27_2020      EU_GDP_yoy
1                                                 NaN   77811         EU         EU_HICP
2                       SubScal(L_eup1p1tscx>mdb,100)   77812         EU     EU_HICP_yoy
3                                                 NaN  144399         EA           EU_IR
4                                                 NaN  101874         US             oil
5               SubScal(CPPY=100(L_rubg21nx>mdb),100)   53439         RU     gov_exp_yoy
6               SubScal(CPPY=100(L_rubg11nx>mdb),100)   53438         RU     gov_rev_yoy
7                                                 NaN   89226         RU         gov_bal
8            SubScal(CPPY=100(L_rug11tr15_q>mdb),100)   88672         RU         GDP_yoy
9            SubScal(CPPY=100(L_rug222r15_q>mdb),100)   90878         RU        cons_yoy
10           SubScal(CPPY=100(L_rug223r15_q>mdb),100)   90922         RU    gov_cons_yoy
11           SubScal(CPPY=100(L_rug224r15_q>mdb),100)   90944         RU         inv_yoy
12           SubScal(CPPY=100(L_rug228r15_q>mdb),100)   90988         RU     exp_gdp_yoy
13           SubScal(CPPY=100(L_rug229r15_q>mdb),100)   91010         RU     imp_gdp_yoy
14                                                NaN     154         RU             emp
15                                                NaN     262         RU           unemp
16                                                NaN     279         RU      unemp_rate
17                      SubScal(L_ruw11_tccx>mdb,100)     316         RU       wages_yoy
18                                                NaN     762         RU              IR
19                                                NaN     573         RU             CPI
20                                                NaN     965         RU              ER
21                     SubScal(L_rua1211tscx>mdb,100)  102937         RU         ind_yoy
22  SubScal(CPPY=100(AddNull(L_rulago2ex_q>mdb,L_r...   87180         RU     exp_nom_yoy
23  SubScal(CPPY=100(AddNull(L_rulago3ex_q>mdb,L_r...   87191         RU     imp_nom_yoy
24                                                NaN   88749         RU          CA_gdp
25         AddNull(L_rug222px_q>mdb,L_rug22zpx_q>mdb)   90350         RU      cons_share
26                                                NaN   90394         RU  gov_cons_share
27                                                NaN   90416         RU       inv_share
28                                                NaN   90504         RU   exp_gdp_share
29                                                NaN   90526         RU   imp_gdp_share
30                      SubScal(L_rufls14scx>mdb,100)   89624         RU        loans_HH
31                                                NaN  141285         RU        pub_debt, 'MD':                                              excel_eq     lid   reporter        variable
0                                                 NaN  144396  EU27_2020      EU_GDP_yoy
1                                                 NaN   77811         EU         EU_HICP
2                       SubScal(L_eup1p1tscx>mdb,100)   77812         EU     EU_HICP_yoy
3                                                 NaN  144399         EA           EU_IR
4                                                 NaN  101874         US             oil
5               SubScal(CPPY=100(L_mdbg21nx>mdb),100)  140984         MD     gov_exp_yoy
6               SubScal(CPPY=100(L_mdbg11nx>mdb),100)  140983         MD     gov_rev_yoy
7                                                 NaN  140991         MD         gov_bal
8            SubScal(CPPY=100(L_mdg11tr15_q>mdb),100)  140624         MD         GDP_yoy
9            SubScal(CPPY=100(L_mdg222r15_q>mdb),100)  140645         MD        cons_yoy
10           SubScal(CPPY=100(L_mdg223r15_q>mdb),100)  140661         MD    gov_cons_yoy
11           SubScal(CPPY=100(L_mdg225r15_q>mdb),100)  140677         MD         inv_yoy
12           SubScal(CPPY=100(L_mdg228r15_q>mdb),100)  140695         MD     exp_gdp_yoy
13           SubScal(CPPY=100(L_mdg229r15_q>mdb),100)  140703         MD     imp_gdp_yoy
14                                                NaN  140946         MD             emp
15                                                NaN  140950         MD           unemp
16                                                NaN  140951         MD      unemp_rate
17                    SubScal(L_mdw11_tccx_q>mdb,100)  140956         MD       wages_yoy
18                                                NaN  140962         MD              IR
19                                                NaN  140931         MD             CPI
20                                                NaN  140900         MD              ER
21                     SubScal(L_mda1211tscx>mdb,100)  140943         MD         ind_yoy
22  SubScal(CPPY=100(AddNull(L_mdlago2ex_q>mdb,L_m...  140907         MD     exp_nom_yoy
23  SubScal(CPPY=100(AddNull(L_mdlago3ex_q>mdb,L_m...  140911         MD     imp_nom_yoy
24                                                NaN  140888         MD          CA_gdp
25         AddNull(L_mdg222px_q>mdb,L_mdg22zpx_q>mdb)  140649         MD      cons_share
26                                                NaN  140665         MD  gov_cons_share
27                                                NaN  140681         MD       inv_share
28                                                NaN  140699         MD   exp_gdp_share
29                                                NaN  140707         MD   imp_gdp_share
30                      SubScal(L_mdfls14scx>mdb,100)  123207         MD        loans_HH
31                                                NaN  141000         MD        pub_debt, 'KZ':                                              excel_eq     lid   reporter        variable
0                                                 NaN  144396  EU27_2020      EU_GDP_yoy
1                                                 NaN   77811         EU         EU_HICP
2                       SubScal(L_eup1p1tscx>mdb,100)   77812         EU     EU_HICP_yoy
3                                                 NaN  144399         EA           EU_IR
4                                                 NaN  101874         US             oil
5               SubScal(CPPY=100(L_kzbg21nx>mdb),100)   88764         KZ     gov_exp_yoy
6               SubScal(CPPY=100(L_kzbg11nx>mdb),100)   88763         KZ     gov_rev_yoy
7                                                 NaN   89222         KZ         gov_bal
8            SubScal(CPPY=100(L_kzg11tr15_q>mdb),100)   88644         KZ         GDP_yoy
9            SubScal(CPPY=100(L_kzg222r15_q>mdb),100)   90870         KZ        cons_yoy
10           SubScal(CPPY=100(L_kzg223r15_q>mdb),100)   90914         KZ    gov_cons_yoy
11           SubScal(CPPY=100(L_kzg224r15_q>mdb),100)   90936         KZ         inv_yoy
12           SubScal(CPPY=100(L_kzg228r15_q>mdb),100)   90980         KZ     exp_gdp_yoy
13           SubScal(CPPY=100(L_kzg229r15_q>mdb),100)   91002         KZ     imp_gdp_yoy
14                                                NaN   59253         KZ             emp
15                                                NaN   59262         KZ           unemp
16                                                NaN   59263         KZ      unemp_rate
17                      SubScal(L_kzw11_tccx>mdb,100)   70126         KZ       wages_yoy
18                                                NaN   59024         KZ              IR
19                                                NaN   74574         KZ             CPI
20                                                NaN   59017         KZ              ER
21                      SubScal(L_kza1211tsc>mdb,100)   59231         KZ         ind_yoy
22  SubScal(CPPY=100(AddNull(L_kzlago2ex_q>mdb,L_k...   87182         KZ     exp_nom_yoy
23  SubScal(CPPY=100(AddNull(L_kzlago3ex_q>mdb,L_k...   87193         KZ     imp_nom_yoy
24                                                NaN   88734         KZ          CA_gdp
25         AddNull(L_kzg222px_q>mdb,L_kzg22zpx_q>mdb)   90342         KZ      cons_share
26                                                NaN   90386         KZ  gov_cons_share
27                                                NaN   90408         KZ       inv_share
28                                                NaN   90496         KZ   exp_gdp_share
29                                                NaN   90518         KZ   imp_gdp_share
30                      SubScal(L_kzfls14scx>mdb,100)   89616         KZ        loans_HH
31                                                NaN  141283         KZ        pub_debt, 'UA':                                              excel_eq     lid   reporter        variable
0                                                 NaN  144396  EU27_2020      EU_GDP_yoy
1                                                 NaN   77811         EU         EU_HICP
2                       SubScal(L_eup1p1tscx>mdb,100)   77812         EU     EU_HICP_yoy
3                                                 NaN  144399         EA           EU_IR
4                                                 NaN  101874         US             oil
5               SubScal(CPPY=100(L_uabg21nx>mdb),100)   53458         UA     gov_exp_yoy
6               SubScal(CPPY=100(L_uabg11nx>mdb),100)   53456         UA     gov_rev_yoy
7                                                 NaN   89228         UA         gov_bal
8            SubScal(CPPY=100(L_uag11tr15_q>mdb),100)   88692         UA         GDP_yoy
9            SubScal(CPPY=100(L_uag222r15_q>mdb),100)   90882         UA        cons_yoy
10           SubScal(CPPY=100(L_uag223r15_q>mdb),100)   90926         UA    gov_cons_yoy
11           SubScal(CPPY=100(L_uag224r15_q>mdb),100)   90948         UA         inv_yoy
12           SubScal(CPPY=100(L_uag228r15_q>mdb),100)   90992         UA     exp_gdp_yoy
13           SubScal(CPPY=100(L_uag229r15_q>mdb),100)   91014         UA     imp_gdp_yoy
14                                                NaN   53344         UA             emp
15                                                NaN   53345         UA           unemp
16                                                NaN   53346         UA      unemp_rate
17                      SubScal(L_uaw11_gccx>mdb,100)     318         UA       wages_yoy
18                                                NaN     787         UA              IR
19                                                NaN   74543         UA             CPI
20                                                NaN     968         UA              ER
21                     SubScal(L_uaa1211tscx>mdb,100)   71024         UA         ind_yoy
22  SubScal(CPPY=100(AddNull(L_ualago2ex_q>mdb,L_u...   87178         UA     exp_nom_yoy
23  SubScal(CPPY=100(AddNull(L_ualago3ex_q>mdb,L_u...   87189         UA     imp_nom_yoy
24                                                NaN   88757         UA          CA_gdp
25         AddNull(L_uag222px_q>mdb,L_uag22zpx_q>mdb)   90354         UA      cons_share
26                                                NaN   90398         UA  gov_cons_share
27                                                NaN   90420         UA       inv_share
28                                                NaN   90508         UA   exp_gdp_share
29                                                NaN   90530         UA   imp_gdp_share
30                      SubScal(L_uafls14scx>mdb,100)   89628         UA        loans_HH
31                                                NaN  141287         UA        pub_debt}","False","False","False","Hungary","European Union evolutionary","Hungary","(m) Gross capital formation","Hungary","(m) Employment, LFS"
